<?xml version="1.0" encoding="UTF-8"?>
<Configuration status="INFO" monitorInterval="5">

  <Properties>
    <Property name="root.log.level">INFO</Property>
  </Properties>

  <Appenders>
    <Console name="Console" target="SYSTEM_OUT">
      <PatternLayout alwaysWriteExceptions="false" pattern='{"timestamp":"%d{ISO8601}","container":"${hostName}","level":"%level","thread":"%t","class":"%c{1}","message":"%msg","throwable":"%throwable{full}"}%n'/>
    </Console>
    <File name="File" fileName="/var/log/besu-${env:HOSTNAME}.log" filePattern="/var/log/besu-${env:HOSTNAME}.log" >
      <PatternLayout alwaysWriteExceptions="false" pattern='{"timestamp":"%d{ISO8601}","container":"${hostName}","level":"%level","thread":"%t","class":"%c{1}","message":"%msg","throwable":"%enc{%throwable}{JSON}"}%n'/>
      <Policies>
        <SizeBasedTriggeringPolicy size="1 MB" />
      </Policies>
      <DefaultRolloverStrategy max="4"/>
    </File>
  </Appenders>

  <Loggers>
    <Root level="${sys:root.log.level}">
      <AppenderRef ref="Console" />
      <AppenderRef ref="File" />
    </Root>
  </Loggers>

</Configuration>
