[
  {
    "name": "bootnode",
    "rpcUrl": "http://bootnode:8545",
    "transactionManagerUrl": ""
  },
  {
    "name": "validator2",
    "rpcUrl": "http://validator2:8545",
    "transactionManagerUrl": ""
  },
  {
    "name": "validator3",
    "rpcUrl": "http://validator3:8545",
    "transactionManagerUrl": ""
  },
  {
    "name": "validator4",
    "rpcUrl": "http://validator4:8545",
    "transactionManagerUrl": ""
  },
  {
    "name": "rpcnode",
    "rpcUrl": "http://rpcnode:8545",
    "transactionManagerUrl": ""
  }
]
