[
  {
    "name": "validator1",
    "rpcUrl": "http://validator1:8545",
    "transactionManagerUrl": ""
  },
  {
    "name": "validator2",
    "rpcUrl": "http://validator2:8545",
    "transactionManagerUrl": ""
  },
  {
    "name": "validator3",
    "rpcUrl": "http://validator3:8545",
    "transactionManagerUrl": ""
  },
  {
    "name": "validator4",
    "rpcUrl": "http://validator4:8545",
    "transactionManagerUrl": ""
  },
  {
    "name": "rpcnode",
    "rpcUrl": "http://rpcnode:8545",
    "transactionManagerUrl": ""
  },
  {
    "name": "member1",
    "rpcUrl": "http://member1besu:8545",
    "transactionManagerUrl": "http://member1orion:8080"
  },
  {
    "name": "member2",
    "rpcUrl": "http://member2besu:8545",
    "transactionManagerUrl": "http://member2orion:8080"
  },
  {
  "name": "member3",
  "rpcUrl": "http://member3besu:8545",
  "transactionManagerUrl": "http://member3orion:8080"
  }
]
